name,description,category,categories,price,sku,image,in_stock,quantity,is_visible,tags,source_url
Short-Sleeve Unisex T-Shirt,Imported from 123Bots catalog source URL: https://123bots.com/gk-printables/product/short-sleeve-unisex-t-shirt,PRINTABLES,PRINTABLES,0.00,GK-SHORT-SLEEVE-UNISEX-T-SHIRT-001,,true,1,true,123bots-import,https://123bots.com/gk-printables/product/short-sleeve-unisex-t-shirt
Maryland Tee Shirt,Imported from 123Bots catalog source URL: https://123bots.com/gk-printables/product/maryland-tee-shirt,PRINTABLES,PRINTABLES,0.00,GK-MARYLAND-TEE-SHIRT-002,,true,1,true,123bots-import,https://123bots.com/gk-printables/product/maryland-tee-shirt
F#CK CANCER,Imported from 123Bots catalog source URL: https://123bots.com/gk-printables/product/f-ck-cancer,PRINTABLES,PRINTABLES,0.00,GK-F-CK-CANCER-003,,true,1,true,123bots-import,https://123bots.com/gk-printables/product/f-ck-cancer
I had a friend once tee,Imported from 123Bots catalog source URL: https://123bots.com/gk-printables/product/i-had-a-friend-once-tee,PRINTABLES,PRINTABLES,0.00,GK-I-HAD-A-FRIEND-ONCE-TEE-004,,true,1,true,123bots-import,https://123bots.com/gk-printables/product/i-had-a-friend-once-tee
I'm crazy tee,Imported from 123Bots catalog source URL: https://123bots.com/gk-printables/product/i-m-crazy-tee,PRINTABLES,PRINTABLES,0.00,GK-I-M-CRAZY-TEE-005,,true,1,true,123bots-import,https://123bots.com/gk-printables/product/i-m-crazy-tee
STUPID AND CRAZY TEE SHIRT,Imported from 123Bots catalog source URL: https://123bots.com/gk-printables/product/stupid-and-crazy-tee-shirt,PRINTABLES,PRINTABLES,0.00,GK-STUPID-AND-CRAZY-TEE-SHIRT-006,,true,1,true,123bots-import,https://123bots.com/gk-printables/product/stupid-and-crazy-tee-shirt
Lincoln tee shirt,Imported from 123Bots catalog source URL: https://123bots.com/gk-printables/product/lincoln-tee-shirt,PRINTABLES,PRINTABLES,0.00,GK-LINCOLN-TEE-SHIRT-007,,true,1,true,123bots-import,https://123bots.com/gk-printables/product/lincoln-tee-shirt
"I'M NOT CRAZY, JUST SPECIAL",Imported from 123Bots catalog source URL: https://123bots.com/gk-printables/product/i-m-not-crazy-just-special,PRINTABLES,PRINTABLES,0.00,GK-I-M-NOT-CRAZY-JUST-SPECIAL-008,,true,1,true,123bots-import,https://123bots.com/gk-printables/product/i-m-not-crazy-just-special
I TALK TO MYSELF TEE SHIRT,Imported from 123Bots catalog source URL: https://123bots.com/gk-printables/product/i-talk-to-myself-tee-shirt,PRINTABLES,PRINTABLES,0.00,GK-I-TALK-TO-MYSELF-TEE-SHIRT-009,,true,1,true,123bots-import,https://123bots.com/gk-printables/product/i-talk-to-myself-tee-shirt
VISION OF THE SEA CARRIBEAN ISLANDS,Imported from 123Bots catalog source URL: https://123bots.com/gk-printables/product/vision-of-the-sea-carribean-islands,PRINTABLES,PRINTABLES,0.00,GK-VISION-OF-THE-SEA-CARRIBEAN--010,,true,1,true,123bots-import,https://123bots.com/gk-printables/product/vision-of-the-sea-carribean-islands
"Warning, Alien sprayed Earth",Imported from 123Bots catalog source URL: https://123bots.com/gk-printables/product/warning-alien-sprayed-earth,PRINTABLES,PRINTABLES,0.00,GK-WARNING-ALIEN-SPRAYED-EARTH-011,,true,1,true,123bots-import,https://123bots.com/gk-printables/product/warning-alien-sprayed-earth
Stairway To Heaven - Custom Tumbler,Imported from 123Bots catalog source URL: https://123bots.com/gk-printables/product/stairway-to-heaven-custom-tumbler,PRINTABLES,PRINTABLES,0.00,GK-STAIRWAY-TO-HEAVEN-CUSTOM-TU-012,,true,1,true,123bots-import,https://123bots.com/gk-printables/product/stairway-to-heaven-custom-tumbler
CHRISTMAS TUMBLERS - 1 - 15,Imported from 123Bots catalog source URL: https://123bots.com/gk-printables/product/christmas-tumblers-1-15,PRINTABLES,PRINTABLES,0.00,GK-CHRISTMAS-TUMBLERS-1-15-013,,true,1,true,123bots-import,https://123bots.com/gk-printables/product/christmas-tumblers-1-15
GRINCH TUMBLER,Imported from 123Bots catalog source URL: https://123bots.com/gk-printables/product/grinch-tumbler,PRINTABLES,PRINTABLES,0.00,GK-GRINCH-TUMBLER-014,,true,1,true,123bots-import,https://123bots.com/gk-printables/product/grinch-tumbler
20oz Christmas Tumblers,Imported from 123Bots catalog source URL: https://123bots.com/gk-printables/tumblers/20oz-Christmas-Tumblers-p604505315,PRINTABLES,PRINTABLES|Tumblers,0.00,GK-20OZ-CHRISTMAS-TUMBLERS-015,,true,1,true,123bots-import,https://123bots.com/gk-printables/tumblers/20oz-Christmas-Tumblers-p604505315
Fight Cancer In All Colors,Imported from 123Bots catalog source URL: https://123bots.com/specialty-collections/cancer-support-group/FIGHT-CANCER-IN-ALL-COLORS-p551016655,COLLECTIONS,COLLECTIONS|Cancer Support Group,0.00,GK-FIGHT-CANCER-IN-ALL-COLORS-016,,true,1,true,123bots-import,https://123bots.com/specialty-collections/cancer-support-group/FIGHT-CANCER-IN-ALL-COLORS-p551016655
Ladies Hawaiian V Neck,Imported from 123Bots catalog source URL: https://123bots.com/specialty-collections/hawaiian-prints/Ladies-Hawaiian-V-Neck-p611729359,COLLECTIONS,COLLECTIONS|Hawaiian Prints,0.00,GK-LADIES-HAWAIIAN-V-NECK-017,,true,1,true,123bots-import,https://123bots.com/specialty-collections/hawaiian-prints/Ladies-Hawaiian-V-Neck-p611729359
Vision Of The Seas W Design On Front,Imported from 123Bots catalog source URL: https://123bots.com/specialty-collections/vision-of-the-seas/Vision-of-the-Seas-w-Design-on-Front-p597256505,COLLECTIONS,COLLECTIONS|Vision Of The Seas,0.00,GK-VISION-OF-THE-SEAS-W-DESIGN--018,,true,1,true,123bots-import,https://123bots.com/specialty-collections/vision-of-the-seas/Vision-of-the-Seas-w-Design-on-Front-p597256505
ballet-pump,Imported from 123Bots catalog source URL: https://123bots.com/specialty-collections/product/ballet-pump,COLLECTIONS,COLLECTIONS,0.00,GK-BALLET-PUMP-019,,true,1,true,123bots-import,https://123bots.com/specialty-collections/product/ballet-pump
blue-sandals,Imported from 123Bots catalog source URL: https://123bots.com/specialty-collections/product/blue-sandals,COLLECTIONS,COLLECTIONS,0.00,GK-BLUE-SANDALS-020,,true,1,true,123bots-import,https://123bots.com/specialty-collections/product/blue-sandals
blue-sneakers,Imported from 123Bots catalog source URL: https://123bots.com/specialty-collections/product/blue-sneakers,COLLECTIONS,COLLECTIONS,0.00,GK-BLUE-SNEAKERS-021,,true,1,true,123bots-import,https://123bots.com/specialty-collections/product/blue-sneakers
grey-stiletto,Imported from 123Bots catalog source URL: https://123bots.com/specialty-collections/product/grey-stiletto,COLLECTIONS,COLLECTIONS,0.00,GK-GREY-STILETTO-022,,true,1,true,123bots-import,https://123bots.com/specialty-collections/product/grey-stiletto
mac-mouse,Imported from 123Bots catalog source URL: https://123bots.com/specialty-collections/product/mac-mouse,COLLECTIONS,COLLECTIONS,0.00,GK-MAC-MOUSE-023,,true,1,true,123bots-import,https://123bots.com/specialty-collections/product/mac-mouse
orange-sneakers,Imported from 123Bots catalog source URL: https://123bots.com/specialty-collections/product/orange-sneakers,COLLECTIONS,COLLECTIONS,0.00,GK-ORANGE-SNEAKERS-024,,true,1,true,123bots-import,https://123bots.com/specialty-collections/product/orange-sneakers
red-shoes,Imported from 123Bots catalog source URL: https://123bots.com/specialty-collections/product/red-shoes,COLLECTIONS,COLLECTIONS,0.00,GK-RED-SHOES-025,,true,1,true,123bots-import,https://123bots.com/specialty-collections/product/red-shoes
red-sneakers,Imported from 123Bots catalog source URL: https://123bots.com/specialty-collections/product/red-sneakers,COLLECTIONS,COLLECTIONS,0.00,GK-RED-SNEAKERS-026,,true,1,true,123bots-import,https://123bots.com/specialty-collections/product/red-sneakers
slippers,Imported from 123Bots catalog source URL: https://123bots.com/specialty-collections/product/slippers,COLLECTIONS,COLLECTIONS,0.00,GK-SLIPPERS-027,,true,1,true,123bots-import,https://123bots.com/specialty-collections/product/slippers
stilettos,Imported from 123Bots catalog source URL: https://123bots.com/specialty-collections/product/stilettos,COLLECTIONS,COLLECTIONS,0.00,GK-STILETTOS-028,,true,1,true,123bots-import,https://123bots.com/specialty-collections/product/stilettos
grinch-tumbler,Imported from 123Bots catalog source URL: https://123bots.com/specialty-collections/product/grinch-tumbler,COLLECTIONS,COLLECTIONS,0.00,GK-GRINCH-TUMBLER-029,,true,1,true,123bots-import,https://123bots.com/specialty-collections/product/grinch-tumbler
